c0,Declaration of Rights
c1,I - Elective Franchise
c11,XI - City of Baltimore
c11a,XI-A - Local Legislation
c11b,XI-B - City of Baltimore - Land Development and Redevelopment
c11c,XI-C - Off-Street Parking
c11d,XI-D - Port Development
c11e,XI-E - Municipal Corporations
c11f,XI-F - Home Rule for Code Counties
c11g,XI-G - City of Baltimore - Resid. Rehab. & Comm. Financing Loans
c11h,XI-H - City of Baltimore - Residential Financing Loans
c11i,XI-I - City of Baltimore - Industrial Financing Loans
c12,XII - Public Works
c13,XIII - New Counties
c14,XIV - Amendments to the Constitution
c15,XV - Miscellaneous
c16,XVI - The Referendum
c17,XVII - Quadrennial Elections
c18,XVIII - Provisions of Limited Duration
c19,XIX - Video Lottery Terminals
c2,II - Executive Departments
c3,III - Legislative Department
c4,IV - Judiciary Department
c5,V - Attorney-General and State's Attorneys
c6,VI - Treasury Department
c7,VII - Sundry Officers
c8,VIII - Education
c9,IX - Militia and Military Affairs
g1,Rules of Interpretation
g19,Comptroller
g23,Miscellaneous Companies
g23a,Corporations - Municipal
g24,Political Subdivisions - Miscellaneous Provisions
g25,County Commisioners
g25a,Chartered Counties of Maryland
g25b,Home Rule for Code Counties
g26,Miscellaneous Governmental Entities
g2b,Alcoholic Beverages
g31,Debt - Public
g36,Fees of Officers
g41,Governor - Executive and Administrative Departments
g49b,Human Relations Commission
g75,"Pleadings, Practice and Process at Law"
g78a,Public Works
g95,Treasurer
g96-5,Veterans
gag,Agriculture
gbo,Business Occupations and Professions
gbr,Business Regulation
gca,Corporations and Associations
gcj,Courts and Judicial Proceedings
gcl,Commercial Law
gcp,Criminal Procedure
gcr,Criminal Law
gcs,Correctional Services
gec,Economic Development
ged,Economic Development
gel,Education
gen,Environment
get,Estates and Trusts
gfi,Financial Institutions
gfl,Family Law
ghg,Health - General
gho,Health Occupations
ghs,Housing and Community Development
ghu,Human Services
gin,Insurance
gle,Labor and Employment
glu,Land Use
gnr,Natural Resources
gps,Public Safety
gpu,Public Utilities
grp,Real Property
gsf,State Financial and Procurement
gsg,State Government
gsp,State Personnel and Pensions
gtg,Tax - General
gtp,Tax - Property
gtr,Transportation